Workbook

Sheet 0 내가 짐작한 대로
A1: K-POP 이머시브 콘텐츠 기획자 양성과정 · 1기 · 11일차 W3-1 (9/22 화) · STUDIO 1 팬경험 설계실
A2: 실습 0 — 찾기 전에 지금 짐작을 적는다 (2교시 11:40~11:50 · 8분)
A3: 아직 검색하지 않는다. 지금 아는 대로만 적는다. · 모르는 줄은 비워 두지 말고 '모름'이라고 쓴다. · 여섯 줄을 다 적으면 여기서 손을 뗀다. 오후에 찾아본 뒤에도 고치지 않는다 — 고치면 내가 얼마나 달랐는지 알 수 없다. · ⚠️ 틀려도 된다. 오늘은 맞히는 날이 아니다.
A4: 번호 | B4: 짐작할 것 | C4: 내 짐작 한 줄 | D4: 얼마나 확실한가
A5: 1 | B5: 국내 버추얼 엔터 관련 글은 주로 누가 쓸까 | C5: 소속사와 연계된 기자가 적을 것 같다. | D5: 긴가민가
A6: 2 | B6: 그 글에 숫자가 나올까 | C6: 나오지 않을 것 같다. 홍보성이 중요하기 때문에 | D6: 긴가민가
A7: 3 | B7: 본 사람 글에 '기술' 이야기가 몇 건이나 나올까 | C7: 나올 것 같다. 버츄얼 관련 홍보를 해야하므로. | D7: 긴가민가
A8: 4 | B8: 본 사람 글에서 가장 많이 나올 말은 | C8: 버츄얼 아이돌의 어떤 특징이 있는지 주로 나올 것 같다. 팬층을 끌어 당겨야하므로. | D8: 긴가민가
A9: 5 | B9: 이 판에서 돈은 주로 어디서 날까 | C9: 여러나라의 팬층의 소비와 광고 | D9: 긴가민가
A10: 6 | B10: 이 시장은 큰가, 작은가 | C10: 작다. 버츄얼 아이돌이 많이 발전했지만, 일부 특정 팬덤이 클뿐 아직은 아티스트 역량이 더 크기때문에 | D10: 긴가민가
A12: 질문 카드 (막힌 점·헷갈리는 점 한 가지 이상)
A14: 다 적었는지 확인 — 여기서 손을 뗀다
A15: 여섯 줄을 다 적었는가 | C15: =IF(COUNTA(C5:C10)=6,"○ 여섯 줄","△ "&COUNTA(C5:C10)&"줄 — 모르면 '모름'이라고 적는다. 빈칸이 아니라 '모름'이다") -> ○ 여섯 줄
A16: 지금 내 상태 | C16: =IF(COUNTA(D5:D10)<6,"— 확신도를 마저 고른다","확실함 "&COUNTIF(D5:D10,"확실함")&" · 긴가민가 "&COUNTIF(D5:D10,"긴가민가")&" · 모름 "&COUNTIF(D5:D10,"모름")&" → 이 숫자를 기억해 둔다") -> 확실함 0 · 긴가민가 6 · 모름 0 → 이 숫자를 기억해 둔다

Sheet 0 내가 짐작한 대로 예시
A1: K-POP 이머시브 콘텐츠 기획자 양성과정 · 1기 · 11일차 W3-1 (9/22 화) · STUDIO 1 팬경험 설계실
A2: 실습 0 — 찾기 전에 지금 짐작을 적는다 (2교시 11:40~11:50 · 8분) — 작성 예시
A3: 솔직하게 적은 예다. '모름'이 하나 있고 '긴가민가'가 넷이다 — 이게 정상이다. 오후에 이 여섯 줄과 찾아온 것을 나란히 놓는다.
A4: 번호 | B4: 짐작할 것 | C4: 내 짐작 한 줄 | D4: 얼마나 확실한가
A5: 1 | B5: 국내 버추얼 엔터 관련 글은 주로 누가 쓸까 | C5: 기자나 마케터가 쓸 것 같다 | D5: 긴가민가
A6: 2 | B6: 그 글에 숫자가 나올까 | C6: 나올 것 같다. 시장 규모 정도 | D6: 긴가민가
A7: 3 | B7: 본 사람 글에 '기술' 이야기가 몇 건이나 나올까 | C7: 절반 정도는 나올 것 같다 | D7: 긴가민가
A8: 4 | B8: 본 사람 글에서 가장 많이 나올 말은 | C8: '신기하다' 아니면 '어색하다' | D8: 긴가민가
A9: 5 | B9: 이 판에서 돈은 주로 어디서 날까 | C9: 광고랑 음원 | D9: 확실함
A10: 6 | B10: 이 시장은 큰가, 작은가 | C10: 큰 것 같다 | D10: 모름
A12: 질문 카드 (막힌 점·헷갈리는 점 한 가지 이상)
A13: 여섯 줄 중 셋이 '긴가민가'다 — 대충은 안다고 생각했는데 막상 적으니 안 나온다. 이게 정상인가?
A14: 여섯 줄 중 셋이 '긴가민가'다 — 대충은 안다고 생각했는데 막상 적으니 안 나온다. 이게 정상인가?

Sheet 1 판매자가 쓴 글
A1: K-POP 이머시브 콘텐츠 기획자 양성과정 · 1기 · 11일차 W3-1 (9/22 화) · STUDIO 1 팬경험 설계실
A2: 실습 ① — 판매자가 쓴 글을 찾아온다 (3교시 12:00~12:50 · 최소 6건)
A3: 어디서 — 구글에 「버추얼 아이돌」 「버추얼 휴먼 시장」 을 친다. 맨 위에 나온 글부터 차례로 연다. · 글 하나에 한 줄씩 적는다 — 제목 / 누가 썼나 / 그 곳이 무엇을 파나 / 숫자가 있으면 그 숫자를 누가 쟀나. · ⚠️ 오늘 제일 중요한 칸은 '누가 썼나'다. 글 맨 아래 '회사 소개 · 문의하기' 버튼을 누르면 나온다. · ★ 판매자 글을 버리라는 게 아니다. 사양 · 가격 · 일정 같은 «사실»은 쓰고, '업계 최초' · '혁신적' 같은 «평가»는 버린다. · ⚠️ 아티스트 이름은 적지 않는다. 오늘 조사 단위는 «회사와 시장»이다.
A4: 번호 | B4: 글 제목 | C4: 글쓴이 — 누구인가 | D4: 무엇을 파는 곳인가 | E4: 숫자가 나오나 | F4: 나온 숫자 — 그리고 그 숫자를 누가 말했나 | G4: 링크
A5: 1 | B5: 플레이브의 '빌보드 200' 진출… K팝의 미래가 된 버추얼 아이돌 | C5: 김상열 음악학박사·칼럼니스트 (arte 칼럼/연재) | D5: 버추얼 아이돌과 K-pop 산업의 이동 | E5: 안 나온다 | G5: https://www.arte.co.kr/music/theme/125
A6: 2 | B6: 버추얼 아이돌이라는 신세계 | C6: 김윤아 대중음악 평론가 (한국 국제 교류 재단) | D6: 버추얼 아이돌이라는 새로운 엔터 트렌드 소개 | E6: 나온다 | F6: 버추얼 아이돌의 성과 지표-출처없이 적혀 있음 2023년 12월 28일, 국내 크라우드 펀딩 플랫폼인 텀블벅에서는 이세계아이돌 관련 웹툰 ‘마법소녀 이세계아이돌’ 단행본 펀딩이 진행됐다. 목표 금액은 2천만 원이었다. 펀딩이 시작된 지 24시간 만에 25억 원이 모였고, 한 달 뒤 최종 모금액 41억 9,889만 원을 달성했다. | G6: https://koreana.or.kr/koreana/na/ntt/selectNttInfo.do?nttSn=125691&bbsId=1119
A7: 3 | B7: 케이팝을 이끌어갈 버추얼 아이돌의 세계 | C7: 율리 에디터 ( ANTIEGG) | D7: 버추얼 아이돌이라는 새로운 엔터 트렌드 소개 | E7: 나온다 | F7: 버추얼 아이돌의 성과지표-플랫폼 조회수 넷마블과 카카오가 제작에 참여한 걸그룹 ‘MAVE:(메이브)’가 지난해 11월 발매한 신곡 ‘What’s My Name’은 뮤직비디오 조회 수 1,000만회를 돌파했습니다. 데뷔곡으로 스포티파이에서 누적 스트리밍 4,500만회를 기록한 전도유망한 버추얼 아이돌다운 기록이었죠. | G7: https://antiegg.kr/20642/
A8: 4 | B8: 빌보드 뚫은 가상 아이돌, K팝 새 축 됐다… 자본도 2세대에 베팅 | C8: 안호준 기자 (이슈인사이트) | D8: 버추얼 아이돌 시장 | E8: 나온다 | F8: 버추얼 아이돌 시장 규모- 출처가 나오지 않음. | G8: https://www.issueinsight.co.kr/news/articleView.html?idxno=2948
A9: 5 | B9: K-팝 버추얼 아이돌, 음악산업의 새로운 가능성 | C9: 성미경, 이재원 (한국 콘텐츠 진흥원) | D9: K-팝 버추얼 아이돌 산업의 성장을 위한 과제 및 정책 방향을 제시 | E9: 나온다 | F9: 버추얼 아이돌 시장 전망-Verified Market Research (2025.8). 음악산업 범주 안에서 K-팝 버추얼 아이돌 산업은 2023년에 본격적으로 시작되었다고 볼 수 있고 2024년 성과가 나타나기 시작함. <버츄얼 아이돌 시장 규모와 전망(Virtual Idol Market Size And Market)>(2025.8.)에 따르면, 글로벌 버추얼 아이돌 시장은 2024년 약 10억 9천만 달러(약 1조 6천억 원) 수준에서 2031년까지 약 122억 7천만 달러(약 18조 원)로 성장할 것으로 전망되며 동일 기간 연평균복합성장률(CAGR)은 35.8%를 보일 것으로 전망함. | G9: https://www.kocca.kr/kocca/bbs/view/B0000141/2011413.do?menuNo=204145#
A10: 6 | B10: K-버추얼 아이돌의 세계 | C10: 김유나 ( 한국 콘텐츠 진흥원) | D10: 버추얼 아이돌의 대중화 | E10: 안 나온다 | G10: https://www.kocca.kr/trend/vol36/sub/s21.html
A11: 7 | B11: 중국 콘텐츠산업의 미래, 버추얼 휴먼과 가상 아이돌 | C11: 윤호진 (한국 콘텐츠 진흥원) | D11: 중국 버추얼 아이돌 시장구조 및 발전과정 | E11: 나온다 | F11: 중국 가상아이돌 산업시장 규모-출처 나오지 않음. | G11: https://www.kocca.kr/kocca/bbs/view/B0158950/2003962.do?menuNo=204160#
A12: 8
A14: 질문 카드 (막힌 점·헷갈리는 점 한 가지 이상)
A16: 자동 집계 — 찾으면 바로 뜬다
A17: 몇 건이나 찾았는가 | C17: =IF(COUNTA(B5:B12)>=6,"○ "&COUNTA(B5:B12)&"건 — 다음 시트로 넘어가도 된다","△ "&COUNTA(B5:B12)&"건 — 최소 6건. 검색 결과를 위에서부터 순서대로 연다") -> ○ 7건 — 다음 시트로 넘어가도 된다
A18: ★ 글쓴이 칸이 다 찼는가 (오늘의 핵심) | C18: =IF(COUNTA(B5:B12)=0,"— 아직",IF(COUNTA(C5:C12)>=COUNTA(B5:B12),"○ 다 찼다","△ "&(COUNTA(B5:B12)-COUNTA(C5:C12))&"건이 비었다 — 글 아래 소개·문의 버튼을 본다. 글쓴이가 없으면 오늘 수업이 성립하지 않는다")) -> ○ 다 찼다
A19: 숫자를 적었으면 출처도 적었는가 | C19: =IF(COUNTIF(E5:E12,"나온다")=0,"— 숫자가 나온 글이 아직 없다",IF(COUNTA(F5:F12)>=COUNTIF(E5:E12,"나온다"),"○ 숫자마다 누가 말했는지 적혔다","△ 숫자만 적고 누가 말했는지가 빠졌다")) -> ○ 숫자마다 누가 말했는지 적혔다
A20: ★ 몇 건이 판매자 글인가 (자동) | C20: =IF(COUNTA(D5:D12)=0,"— 아직",(COUNTA(D5:D12)-SUMPRODUCT(--ISNUMBER(SEARCH("파는 곳 아님",D5:D12))))&"건 / "&COUNTA(D5:D12)&"건이 판매자다 → 이 비율이 오늘의 발견이다") -> 7건 / 7건이 판매자다 → 이 비율이 오늘의 발견이다

Sheet 1 판매자가 쓴 글 예시
A1: K-POP 이머시브 콘텐츠 기획자 양성과정 · 1기 · 11일차 W3-1 (9/22 화) · STUDIO 1 팬경험 설계실
A2: 실습 ① — 판매자가 쓴 글을 찾아온다 (3교시 12:00~12:50 · 최소 6건) — 작성 예시
A3: 여섯 건 중 다섯 건을 버추얼을 만들어 파는 회사가 썼고, 그중 둘은 같은 회사다. 숫자가 나온 두 건 중 하나는 낸 곳이 파는 회사 자신이고, 다른 하나는 «무엇을 센 숫자인지»가 안 적혀 있다. ★ 유일하게 파는 곳이 아닌 자료는 공시였다.
A4: 번호 | B4: 글 제목 | C4: 글쓴이 — 누구인가 | D4: 무엇을 파는 곳인가 | E4: 숫자가 나오나 | F4: 나온 숫자 — 그리고 그 숫자를 누가 말했나
A5: 1 | B5: 버추얼 휴먼 시장, 어디까지 왔나 | C5: ○○스튜디오 (회사 블로그) | D5: 버추얼 휴먼 제작·판매 | E5: 나온다 | F5: '시장 연 40% 성장' — 낸 곳이 이 회사 자신이다
A6: 2 | B6: 버추얼 아이돌이 바꾸는 팬덤 경험 | C6: △△랩스 (회사 블로그) | D6: 실시간 모션캡처 솔루션 | E6: 안 나온다 | F6: 자사 기술 소개만 있다
A7: 3 | B7: 버추얼 IP 사업 전망 리포트 | C7: ○○스튜디오 (같은 회사) | D7: 버추얼 휴먼 제작·판매 | E7: 나온다 | F7: '2030년 ○조 원' — 무엇을 센 숫자인지 안 적혀 있다
A8: 4 | B8: 업계 최초 실시간 버추얼 공연 성공 | C8: □□미디어 (보도자료) | D8: 버추얼 공연 제작 | E8: 안 나온다 | F8: '업계 최초' · '혁신적' 같은 평가가 대부분
A9: 5 | B9: 버추얼 크리에이터 수익 구조 분석 | C9: 위○○ (마케팅 대행사 블로그) | D9: 버추얼 IP 마케팅 대행 | E9: 안 나온다 | F9: 출처 없이 '대부분 광고 수익'이라고만 적혀 있다
A10: 6 | B10: 버추얼 엔터 기업 3분기 실적 공시 | C10: 전자공시(DART) | D10: 공시 — 파는 곳 아님 | E10: 나온다 | F10: ★ 유일하게 판매자가 아닌 자료다. 매출 구성이 그대로 있다
A11: 7
A12: 8
A14: 질문 카드 (막힌 점·헷갈리는 점 한 가지 이상)
A15: 판매자 글밖에 안 나오는데, 그러면 시장 규모는 어디서 확인하나?

Sheet 2 방문자가 쓴 글
A1: K-POP 이머시브 콘텐츠 기획자 양성과정 · 1기 · 11일차 W3-1 (9/22 화) · STUDIO 1 팬경험 설계실
A2: 실습 ② — 본 사람이 쓴 글을 찾아온다 (7교시 16:00~16:30 · 최소 6건)
A3: 어디서 — 유튜브 영상 댓글과 커뮤니티 글을 본다. 「버추얼 아이돌 후기」 로도 쳐 본다. · 본 사람이 한 말을 그 사람 말 그대로 옮긴다. 줄이거나 바꾸지 않는다. · 그 말에 «기술» 이야기(그래픽 · 모션 · AI 같은 말)가 있으면 O, 없으면 X. · ⚠️ X만 줄줄이 나와도 괜찮다. 그게 오늘 찾는 것이다. · 사람 이름 · 아이디 · 연락처가 보이는 건 쓰지 않는다. 아티스트 이름도 적지 않는다.
A4: 번호 | B4: 영상·글 제목 | C4: 본 사람이 한 말 — 원문 그대로 | D4: 「기술」 이야기가 나오나 | E4: 어디서
A5: 1 | B5: PLAVE (플레이브) – 버추얼 아이돌 | 쇼! 음악중심 in JAPAN | MBC240717방송 | C5: 쇼츠뜨는걸로 간간히 보다가 오늘부터 영상 정주행 시작한 일반인인데. 일반 아이돌과 다르게 일단 보컬에 구멍 한 명도 없고. 댄스실력도 다들 나쁘지 않음. 모션센서로 하는거라 버추얼모델로 보여주려면 액션을 매번 110%이상으로 움직여야 100%정도로 샘플링이 될텐데. 그것도 매번 라이브로 저정도 댄스랑 보컬보여주는건 범상치 않은 애들이라는걸 알겠음. | D5: O | E5: 유튜브 댓글 | G5: https://www.youtube.com/watch?v=sJTIs3Ba1ig&list=RDsJTIs3Ba1ig&start_radio=1
A6: 2 | B6: 가상 이미지 뒤에 사람 있다…'버추얼 아이돌' 뜬다 / 연합뉴스TV (YonhapnewsTV) | C6: 대다수의 언론들과는 다르게 뒤에 사람이 있다는 사실을 밝혔다는 점에서 버츄얼 아이돌의 개념을 어느정도 이해하시고 기사를 내보낸게 느껴지네요 감사합니다 근데 인공지능이랑은 연관 없어요 ㅋㅋㅋㅋㅋㅋㅋ 모션캡쳐, 트래커, vrchat, 유니티, 언리얼, 블렌더같은 프로그램이나 장비로 진행되는 컨텐츠입니다 | D6: O | E6: 유튜브 댓글 | G6: https://www.youtube.com/watch?v=NDjDzvfoSXk
A7: 3 | B7: 230923 플레이브 (PLAVE) 아돌라 콘서트 무대 FULL (여섯 번째 여름, 왜요 왜요 왜?) @IDOL RADIO LIVE IN SEOUL | C7: 기술력이 이렇게 좋다고...? 다른 장소에서 모션캡쳐 의상입고 춤추면서 라이브하는데 이렇게 현장 처럼 들린다고...? 기술 오진다 진짜 | D7: O | E7: 유튜브 댓글 | G7: 230923 플레이브 (PLAVE) 아돌라 콘서트 무대 FULL (여섯 번째 여름, 왜요 왜요 왜?) @IDOL RADIO LIVE IN SEOUL - YouTube
A8: 4 | B8: '플레이브' 콘서트 내돈내산 솔직후기 | C8: 처음에 가격 얘기하시는 거 보고 오잉 싶었다가 더 보니 이해가 됐어요ㅎㅎ 아이돌 콘서트 자체가 처음이셨으면 그렇게 느끼셨을 수도 있겠네요. 다른 뮤지션들에 비해 아이돌 콘서트는 가격이 정말 센 편이에요. 그래서 플레이브의 규모와 이번 콘서트 규모를 생각하면 티켓 가격은 정말정만 싼 편이라는거....알아주셨으면 좋겠어요ㅠㅠ | D8: X | E8: 유튜브 댓글 | G8: https://www.youtube.com/watch?v=EaPApSTIto4
A9: 5 | B9: [인증] 후기) 본인 오늘 플레이브 콘서트 다녀감 | C9: 내 쪽이 4층이라 훤히 다 잘 보였음 전광판이 존나 크더라 콘서트 지리더라 업계 탑임 이유가 있긴함. 구성도 알차고 걍 부내 남 폭죽이랑 화염 효과음 레이저 효과음도 많이 나오고 | D9: X | E9: 플레이브 디시인사이드 | G9: https://gall.dcinside.com/mini/board/view/?id=soopstreaming&no=4717484
A10: 6 | B10: 이세계아이돌(ISEGYE IDOL) - RE : WIND 🌐 이세계 페스티벌 2025 | C10: 리와인드는 우리세돌이들이 지금까지 있을수있게 해준 첫 단추이자 가사부터 작곡 뮤비등등 모든것에 이파리뿐만 아니라 팬치(작곡가,작업자등등), 우리세돌이, 왁굳형 왁타버스 모두의 손과 땀이 농도짙게 녹아든 작품이다. 그게 항상 듣고있는 많은 팬치와 이파리를 울리게 만드는것 같음. 사랑해 이세돌! | D10: X | E10: 유튜브 댓글 | G10: https://www.youtube.com/watch?v=fZcNvcB6KpI&list=RDfZcNvcB6KpI&start_radio=1
A11: 7 | B11: [VLF] 이세계아이돌 (ISEGYE IDOL) - Nameless | MBC 버추얼 라이브 페스티벌 with CoupangPlay | C11: 버츄얼+한국아이돌의 느낌을 기가막히게 섞은 환상적인 곡…네임리스 | D11: X | E11: 유튜브 댓글 | G11: https://www.youtube.com/watch?v=OktRB0ptdyo&list=RDOktRB0ptdyo&start_radio=1
A12: 8 | B12: K-팝의 새로운 주인공은 '버추얼 아이돌'…오디션 현장 가보니 [트렌드 '요즘'] [뉴스7] | C12: 갠적으로 버츄얼 아이돌은 미국,일본 서로 다름 (미국은 본모습 공개해도 별느낌 없다면 아시아쪽은 본모습 공개를 최대한 피함) 이런거보면 한국도 아이돌에 한해서 예능,음방에서라도 가면을 쓰고 실제 출연했으면 어떨까 싶음 블라인드 오디션이면 모를까 그게 아니면 이런식으로 인간 아이돌과 버츄얼 아이돌의 차별점을 둬서 인정받으면 어떨지 싶음 가면쓰면 그만큼 더 지치는데 그래도 안정적으로 노래를하면 조금씩 인정 받으면 좋겠음 솔직히 팬덤 중에서도 몇몇 팬들이 댓글에서도 예민하게 굴다보니 이미지가 무너진것도 있어서... 이걸 못잡겠으면 다른방식으로 인정받는건 어떨까 싶음 | D12: X | E12: 유튜브 댓글 | G12: https://www.youtube.com/watch?v=AHwNLKEn_jc
A13: 9 | B13: 콘서트 티켓 8분 만에 전석 매진시킨다는 버추얼 아이돌 근황 / 스브스뉴스 | C13: 사람들이 착각하는게 그냥 그림(아바타) 움직이는걸 뭐가 좋다고 그러냐고 하던데 현실의 아이돌도 대부분의 사람들에겐 실제로 보기 힘든 화면 속 이쁜 사람들일 뿐인데 좋아하는건 각자의 매력이 있긴 때문 아닌가? 그게 외모일수도 있고 개성이나 실력때문일 수도 있듯이 버츄얼도 똑같은 거라고 생각함 나도 '이세돌'이 무엇인지는 알아도 딱히 관심 없었다가 우연찮게 알게되서 좋아하게 됐는데, 깜짝놀란건 어디선가 듣고 "어 이노래 좋은데 누구노래지?" 했던게 키딩이랑 락다운이었음. 사람들이 편견을 깨고 마주했으면 합니다. | D13: X | E13: 유튜브 댓글 | G13: https://www.youtube.com/watch?v=S1bcy4h1mS8
A14: 10 | B14: 음방 1위까지 한 버추얼 아이돌 플레이브 실체 ㄷㄷ | 🤗어서 5세대 | C14: 이 영상 보면서 느낀게 나도 원래는 버추얼 아이돌이 뭔지도 몰라서 AI인 줄 알고 막 욕하고 다녔는데 어느날부터 인지 내 삶에 50%를 차지할 정도로 엄청난 영향력을 가진 끼쟁이들이란 것을 다시 한 번 느낌게 됨 ㅋㅋㅋㅋ | D14: X | E14: 유튜브 댓글 | G14: https://www.youtube.com/watch?v=YFlyLHfyB9c
A15: 11 | B15: "이세돌"이란 무엇인가? 아재도 10분만에 이해하는 이세계 아이돌! feat. 버츄얼 유튜버 1타강사 | C15: 정리 잘 해주셨네요.... 메타버스 산업이 얼마나 커질지 모르겠습니다.. 지금도 성장세를 타고 있지요 심지어 직업학교내 수업과목을 보면 VR/AR 수업과목도 있더라구요 또한 무엇보다 이세돌 맴버들의 솔직함,당당함이 팬들로 하여금 더 좋아지게 하는 도화선이 되지 않았나 싶습니다 그러면서 메타버스 세상을 몰랐던 사람들도 거부감이 생겼다가도 점점 관심을 가지게 되는게 아닐런지요 VR 이라고 하면 모르시는 분들께서는 아담과 비교를 하는데요.. 아담은 일종의 A.I 정도라고 생각하시면 될거 같습니다 영상에서도 나왔다 싶이 아미 팬덤 처럼 소통이 중요한 시대죠 깔끔한 정리 감사합니다... 알고리즘 타고 널리널리 퍼졌으면 하네요... 킹아!!! | D15: O | E15: 유튜브 댓글 | G15: https://www.youtube.com/watch?v=8KGfkzgIZRw
A16: 12 | B16: 버추얼 캐릭터링 기술: 가상과 현실을 잇는 새로운 혁명 | C16: 버추얼 캐릭터링 기술에 대한 자세한 설명이 매우 인상적이었습니다. 특히 3D 그래픽스와 모션 애니메이션의 결합이 캐릭터에 생동감을 부여하는 과정이 흥미로웠습니다. 앞으로 이 기술이 어떻게 발전할지 기대됩니다! | D16: O | E16: 블로그 | G16: https://blog.naver.com/kcc_press/224043606687
A18: 질문 카드 (막힌 점·헷갈리는 점 한 가지 이상)
A20: 자동 집계 — 'X'가 쌓이는 것이 발견이다
A21: 몇 건이나 찾았는가 | C21: =IF(COUNTA(B5:B12)>=6,"○ "&COUNTA(B5:B12)&"건","△ "&COUNTA(B5:B12)&"건 — 최소 6건") -> ○ 8건
A22: 원문 그대로 옮겼는가 | C22: =IF(COUNTA(C5:C12)>=COUNTA(B5:B12),"○ 다 옮겼다","△ "&(COUNTA(B5:B12)-COUNTA(C5:C12))&"건이 비었다 — 요약하지 말고 쓴 사람이 쓴 대로") -> ○ 다 옮겼다
A23: ★ 「기술」 이야기가 나온 건 몇 건인가 (자동) | C23: =IF(COUNTA(D5:D12)=0,"— 아직",COUNTIF(D5:D12,"O")&"건 / "&COUNTA(D5:D12)&"건 → "&IF(COUNTIF(D5:D12,"O")=0,"'0건'이 오늘 가장 값진 답이다. 판매자는 기술을 말하고 본 사람은 다른 걸 말한다","몇 건이든 그대로가 결과다")) -> 3건 / 8건 → 몇 건이든 그대로가 결과다
A24: 분포 (자동) | C24: ="기술 이야기 있음 "&REPT("■",COUNTIF(D5:D12,"O"))&COUNTIF(D5:D12,"O")&" 기술 이야기 없음 "&REPT("■",COUNTIF(D5:D12,"X"))&COUNTIF(D5:D12,"X") -> 기술 이야기 있음 ■■■3 기술 이야기 없음 ■■■■■5

Sheet 2 방문자가 쓴 글 예시
A1: K-POP 이머시브 콘텐츠 기획자 양성과정 · 1기 · 11일차 W3-1 (9/22 화) · STUDIO 1 팬경험 설계실
A2: 실습 ② — 본 사람이 쓴 글을 찾아온다 (7교시 16:00~16:30 · 최소 6건) — 작성 예시
A3: ★ 여섯 건 중 «기술» 이야기는 1건뿐이다. 본 사람들은 기술을 말하지 않는다 — 세계관 · 방송인 매력 · 굿즈를 말한다. 판매자 시트와 나란히 놓으면 겹치는 단어가 거의 없다. 그 차이가 오늘의 발견이다.
A4: 번호 | B4: 영상·글 제목 | C4: 본 사람이 한 말 — 원문 그대로 | D4: 「기술」 이야기가 나오나 | E4: 어디서
A5: 1 | B5: 버추얼 아이돌 첫 방송 봤는데 | C5: "목소리는 좋은데 움직임이 좀 어색" | D5: O | E5: 유튜브 댓글
A6: 2 | B6: 버추얼 공연 다녀온 후기 | C6: "굿즈 줄이 너무 길었다" | D6: X | E6: 커뮤니티 글
A7: 3 | B7: 이 캐릭터 왜 좋아하는지 써 봄 | C7: "세계관이 촘촘해서 계속 보게 된다" | D7: X | E7: 블로그
A8: 4 | B8: 버추얼 방송 요즘 어때? | C8: "결국 사람이 하는 거라 방송인 매력이 크다" | D8: X | E8: 커뮤니티 글
A9: 5 | B9: 멤버십 결제하는 이유 | C9: "이거 말고는 돈 쓸 데가 마땅히 없어서" | D9: X | E9: 유튜브 댓글
A10: 6 | B10: 「기술」로 검색해 본 결과 | C10: 기술을 말한 글은 1건뿐이었다 | D10: X | E10: 유튜브 — 검색어를 바꿔도 같다
A11: 7
A12: 8
A14: 질문 카드 (막힌 점·헷갈리는 점 한 가지 이상)
A15: 본 사람 글에 기술 이야기가 거의 없는데, 그러면 기술은 중요하지 않은 건가?

Sheet 2-1 짐작 대조
A1: K-POP 이머시브 콘텐츠 기획자 양성과정 · 1기 · 11일차 W3-1 (9/22 화) · STUDIO 1 팬경험 설계실
A2: 실습 ② 뒷부분 — 아침에 적은 짐작과 맞춰 본다 (7교시 16:30~16:50)
A3: 아침에 적은 짐작이 왼쪽에 저절로 뜬다. 손대지 않는다. · 오른쪽 두 칸만 채운다 — 찾아보니 어땠나 / 짐작과 같았나 달랐나. · 고르는 법은 쉽다. 아침에 '절반쯤 나올 것'이라 했는데 0건이면 '달랐다'. 얼추 맞으면 '같았다'. 아직 못 찾았으면 '못 찾음'. · ⚠️ 맞히는 시험이 아니다. 달랐다가 4줄이면, 안 찾아봤으면 기획서에 틀린 말이 4개 들어갔을 뻔했다는 뜻이다.
A4: 번호 | B4: 짐작할 것 (자동) | C4: 아침에 내가 적은 짐작 (자동) | D4: 찾아보니 어땠나 | E4: 같았나 달랐나
A5: 1 | B5: ='0 내가 짐작한 대로'!B5 -> 국내 버추얼 엔터 관련 글은 주로 누가 쓸까 | C5: =IF('0 내가 짐작한 대로'!C5="","— 「0 내가 짐작한 대로」를 먼저 채운다",'0 내가 짐작한 대로'!C5) -> 소속사와 연계된 기자가 적을 것 같다. | D5: 소속사에서 배포한 기사도 있지만 콘텐츠 관련 기관에서도 연구하고 적는다는 것을 알았다. | E5: 달랐다 | F5: 추후에 더 조사하시면 명확한 결과값이나 이야기를 찾아가실 수 있을거예요
A6: 2 | B6: ='0 내가 짐작한 대로'!B6 -> 그 글에 숫자가 나올까 | C6: =IF('0 내가 짐작한 대로'!C6="","— 「0 내가 짐작한 대로」를 먼저 채운다",'0 내가 짐작한 대로'!C6) -> 나오지 않을 것 같다. 홍보성이 중요하기 때문에 | D6: 대부분 버추얼 아이돌 성장 규모 및 시장 지표에 대한 글이 일부 있었다. | E6: 달랐다
A7: 3 | B7: ='0 내가 짐작한 대로'!B7 -> 본 사람 글에 '기술' 이야기가 몇 건이나 나올까 | C7: =IF('0 내가 짐작한 대로'!C7="","— 「0 내가 짐작한 대로」를 먼저 채운다",'0 내가 짐작한 대로'!C7) -> 나올 것 같다. 버츄얼 관련 홍보를 해야하므로. | D7: 버추얼 아이돌 기술에 관련은 주로 뉴스나 관련 콘텐츠에서 일부 다루는 것을 통해 사람들이 알 수 있었다. | E7: 같았다
A8: 4 | B8: ='0 내가 짐작한 대로'!B8 -> 본 사람 글에서 가장 많이 나올 말은 | C8: =IF('0 내가 짐작한 대로'!C8="","— 「0 내가 짐작한 대로」를 먼저 채운다",'0 내가 짐작한 대로'!C8) -> 버츄얼 아이돌의 어떤 특징이 있는지 주로 나올 것 같다. 팬층을 끌어 당겨야하므로. | D8: 팬들의 응원글이 대부분이였고 극 소수의 글들이 버추얼 아이돌의 특징을 다뤘다. | E8: 달랐다
A9: 5 | B9: ='0 내가 짐작한 대로'!B9 -> 이 판에서 돈은 주로 어디서 날까 | C9: =IF('0 내가 짐작한 대로'!C9="","— 「0 내가 짐작한 대로」를 먼저 채운다",'0 내가 짐작한 대로'!C9) -> 여러나라의 팬층의 소비와 광고 | D9: 광고보다 음원의 수요가 커지고 팬덤이 확장하면서 소비가 커진 것 같았다. | E9: 못 찾음
A10: 6 | B10: ='0 내가 짐작한 대로'!B10 -> 이 시장은 큰가, 작은가 | C10: =IF('0 내가 짐작한 대로'!C10="","— 「0 내가 짐작한 대로」를 먼저 채운다",'0 내가 짐작한 대로'!C10) -> 작다. 버츄얼 아이돌이 많이 발전했지만, 일부 특정 팬덤이 클뿐 아직은 아티스트 역량이 더 크기때문에 | D10: 지속적인 성장 곡선을 그리고 있다는 것을 알았다. | E10: 달랐다
A12: 질문 카드 (막힌 점·헷갈리는 점 한 가지 이상)
A14: 자동 집계 — 달랐던 줄이 많을수록 오늘 건진 게 많다
A15: 여섯 줄을 다 맞춰 봤는가 | C15: =IF(COUNTA(E5:E10)=6,"○ 여섯 줄 다 됐다","△ "&COUNTA(E5:E10)&"줄 — 못 찾은 줄도 비워 두지 말고 '못 찾음'을 고른다") -> ○ 여섯 줄 다 됐다
A16: ★ ① 몇 줄이 달랐나 (자동) | C16: =IF(COUNTA(E5:E10)=0,"— 아직",IF(COUNTIF(E5:E10,"달랐다")=0,"△ 한 줄도 안 달랐다 — 너무 후하게 본 건 아닌가. 한 줄씩 다시 본다",COUNTIF(E5:E10,"달랐다")&"줄 / "&COUNTA(E5:E10)&"줄이 달랐다 → 안 찾아봤으면 기획서에 틀린 말이 "&COUNTIF(E5:E10,"달랐다")&"개 들어갔을 뻔했다")) -> 4줄 / 6줄이 달랐다 → 안 찾아봤으면 기획서에 틀린 말이 4개 들어갔을 뻔했다
A17: ★ ② 본 사람 글에 「기술」 이야기가 몇 건 나왔나 (자동) | C17: =IF(COUNTA('2 방문자가 쓴 글'!D5:D12)=0,"— 「2 방문자가 쓴 글」을 먼저 채운다",COUNTIF('2 방문자가 쓴 글'!D5:D12,"O")&"건 / "&COUNTA('2 방문자가 쓴 글'!D5:D12)&"건 → "&IF(COUNTIF('2 방문자가 쓴 글'!D5:D12,"O")=0,"'0건'이 오늘 가장 값진 답이다 — 판매자는 기술을 말하고, 본 사람은 다른 걸 말한다","몇 건이든 그대로가 결과다")) -> 3건 / 8건 → 몇 건이든 그대로가 결과다
A18: 분포 (자동) | C18: ="달랐다 "&REPT("■",COUNTIF(E5:E10,"달랐다"))&COUNTIF(E5:E10,"달랐다")&" 같았다 "&REPT("■",COUNTIF(E5:E10,"같았다"))&COUNTIF(E5:E10,"같았다")&" 못 찾음 "&REPT("■",COUNTIF(E5:E10,"못 찾음"))&COUNTIF(E5:E10,"못 찾음") -> 달랐다 ■■■■4 같았다 ■1 못 찾음 ■1
A20: 8교시에 읽을 첫 줄 — 위 두 숫자로 저절로 만들어진다
A21: =IF(OR(COUNTA(E5:E10)=0,COUNTA('2 방문자가 쓴 글'!D5:D12)=0),"— 위 두 집계가 나오면 여기에 문장이 만들어진다","제 짐작 여섯 줄 중 "&COUNTIF(E5:E10,"달랐다")&"줄이 달랐고, 후기 "&COUNTA('2 방문자가 쓴 글'!D5:D12)&"건 중 기술을 말한 사람은 "&COUNTIF('2 방문자가 쓴 글'!D5:D12,"O")&"건이었습니다.") -> 제 짐작 여섯 줄 중 4줄이 달랐고, 후기 8건 중 기술을 말한 사람은 3건이었습니다.

Sheet 2-1 짐작 대조 예시
A1: K-POP 이머시브 콘텐츠 기획자 양성과정 · 1기 · 11일차 W3-1 (9/22 화) · STUDIO 1 팬경험 설계실
A2: 실습 ② 뒷부분 — 아침에 적은 짐작과 맞춰 본다 (7교시 16:30~16:50) — 작성 예시
A3: 여섯 줄 중 다섯이 달랐다. 이 사람 감이 나쁜 게 아니다 — 아침에 적은 그대로 기획서를 썼다면 틀린 말 다섯 개를 그대로 넣었을 것이다. ⑥처럼 '못 찾음'으로 둔 줄도 있다. 억지로 '같았다'로 채우지 않은 게 이 예시의 핵심이다.
A4: 번호 | B4: 짐작할 것 (자동) | C4: 아침에 내가 적은 짐작 (자동) | D4: 찾아보니 어땠나 | E4: 같았나 달랐나
A5: 1 | B5: 국내 버추얼 엔터 관련 글은 주로 누가 쓸까 | C5: 기자나 마케터가 쓸 것 같다 | D5: 6건 중 5건이 버추얼을 만들어 파는 회사 글이었다. 공시 자료 1건만 파는 곳이 아니었다 | E5: 달랐다
A6: 2 | B6: 그 글에 숫자가 나올까 | C6: 나올 것 같다. 시장 규모 정도 | D6: 숫자가 있는 건 6건 중 2건. '연 40% 성장'도 낸 곳이 그 기술을 파는 회사였다 | E6: 달랐다
A7: 3 | B7: 본 사람 글에 '기술' 이야기가 몇 건이나 나올까 | C7: 절반 정도는 나올 것 같다 | D7: 6건 중 1건. 본 사람들은 기술을 거의 말하지 않았다 | E7: 달랐다
A8: 4 | B8: 본 사람 글에서 가장 많이 나올 말은 | C8: '신기하다' 아니면 '어색하다' | D8: '어색하다'보다 '세계관' · '방송인 매력'이 더 많이 나왔다 | E8: 달랐다
A9: 5 | B9: 이 판에서 돈은 주로 어디서 날까 | C9: 광고랑 음원 | D9: 공시를 열어 보니 광고보다 멤버십 · 굿즈 비중이 컸다 | E9: 달랐다
A10: 6 | B10: 이 시장은 큰가, 작은가 | C10: 큰 것 같다 | D10: 여전히 모르겠다. 찾은 숫자마다 센 범위가 달랐다 | E10: 못 찾음
A12: 질문 카드 (막힌 점·헷갈리는 점 한 가지 이상)
A13: 여섯 줄 중 다섯이 달랐다 — 이 정도면 내가 이 시장을 너무 모르는 건가?

Sheet 3 세 바구니 (3C)
A1: K-POP 이머시브 콘텐츠 기획자 양성과정 · 1기 · 11일차 W3-1 (9/22 화) · STUDIO 1 팬경험 설계실
A2: 실습 ③ — 찾아온 것을 세 바구니에 나눠 담는다 (8교시 17:00~17:20)
A3: 새로 쓰는 칸이 아니다. 앞에서 찾아온 것을 세 칸에 나눠 담기만 한다. · 3C는 어려운 말이 아니라 칸 이름 세 개다 — 보는 사람 / 이미 하고 있는 곳 / 우리. · ⚠️ 가운데 칸에 회사 이름만 적으면 안 채운 것이다. 이름 옆에 «무엇으로 버는가»가 적혀야 한다. · 모르는 칸은 비워 두지 말고 '? 확인 필요'라고 적는다.
A4: 바구니 | B4: 무엇을 담는가 | C4: 내가 찾아온 것 — 출처를 함께
A5: 보는 사람 (고객) | B5: 누가 · 왜 보는가. 본 사람이 한 말을 그대로 | C5: 방문자가 쓴글 총 12건 중 공통 부분의 말은 쇼츠 뜨는 걸로 간간히 보다가 정주행 시작한 일반인은 보컬 구멍이 없고 댄스 실력도 나쁘지 않으며, 구성이 탄탄하여 보게 되었다고 한다. [유튜브] 모션캡쳐, VR/AR, 트래킹, 3D 그래픽스 같은 기술적 기반 강조, 단순 AI가 아니라 실제 사람이 움직임을 구현한다. [유튜브] 버추얼 아이돌이 현실 아이돌과 다른 정체성·차별성을 가진다는 것이였다.[유튜브] | D5: 1. https://www.youtube.com/watch?v=sJTIs3Ba1ig&list=RDsJTIs3Ba1ig&start_radio=1 2.https://www.youtube.com/watch?v=NDjDzvfoSXk 3. https://www.youtube.com/watch?v=YFlyLHfyB9c 4. https://www.youtube.com/watch?v=8KGfkzgIZRw 5. https://blog.naver.com/kcc_press/224043606687
A6: 이미 하고 있는 곳 (경쟁) | B6: 어느 회사가 «무엇으로» 버는가. ★ 회사 이름만 적으면 안 채운 것 | C6: 플레이브는 버추얼 아이돌 그룹을 기획·운영하는 엔터테인먼트 회사(블래스트)는 모션캡처와 VR 기술을 활용해 새로운 형태의 공연과 콘텐츠를 선보이며 음반 및 공연, 굿즈 및 IP사업, 팬플랫폼을 통해 수익을 채운다. 플레이브는 단순한 기술적 흥미나 일시적 화제성에 머물지 않고, 지속적인 음악 활동과 콘텐츠 제작을 통해 팬덤의 반복적인 참여와 소비가 이루어지고 있다. 또한 플레이브 공식 유튜브 채널은 2025년 11월 기준 누적 조회수 약 8.8억 회를 기록하고 있어, 지속적인 콘텐츠 소비가 이루어지고 있음을 확인할 수 있다. 특히 플레이브와 같은 ‘캐릭터형 버추얼 아이돌’은 굿즈(MD) 제작에 최적화된 2D 디자인을 보유하고 있어,캐릭터 상품화 관점에서 실사형 모델 대비 높은 잠재력을 지닌다. 실제로 플레이브는최근 ‘헬로키티’, ‘쿠로미’ 등 글로벌 캐릭터 IP를 보유한 일본의 ‘산리오(Sanrio)’사와의협업을 통해, 앨범『PLUBBU』의 콘셉트를 반영한 인형과 포토카드 등 다양한 2차 저작물을 선보인 바 있다. | D6: (출처: 플레이브(PLAVE)를 중심으로 본 버추얼 아이돌 산업 확장 전략 = Expansion Strategies of the Virtual Idol Industry : A Case Study on PLAVE- 저자 김인창.) https://www.riss.kr/link?id=T17384648
A7: 우리 (자사) | B7: 내가 가진 것. 회사가 없으면 '내 기획팀' — 시간 · 아는 분야 · 다룰 줄 아는 도구 | C7: 팬 커뮤니티 운영 경험, 콘텐츠 기획 및 팬심리 이해, 엔터테인먼트/버추얼 아이돌 트렌드 조사 능력, 전문 기술 인력( 협력사/파트너 필요)
A9: 질문 카드 (막힌 점·헷갈리는 점 한 가지 이상)
A12: 자동 점검 — 다 되면 ○ 로 바뀐다
A13: 세 칸을 다 채웠는가 | B13: =IF(COUNTA(C5:C7)=3,"○ 세 칸","△ "&(3-COUNTA(C5:C7))&"칸 남았다 — 모르면 '? + 확인 필요'를 적는다") -> ○ 세 칸
A14: ★ 가운데 칸에 «무엇으로 버는가»가 적혔는가 | B14: =IF(C6="","△ 아직 비었다",IF(LEN(C6)<20,"△ 회사 이름만 적은 건 아닌가 — 이름 옆에 «무엇으로 버는가»를 붙인다","○ 적혔다")) -> ○ 적혔다
A15: 출처가 붙었는가 | B15: =IF(COUNTA(C5:C7)<3,"— 아직",IF((N(ISNUMBER(SEARCH("건",C5&C6&C7)))+N(ISNUMBER(SEARCH("출처",C5&C6&C7)))+N(ISNUMBER(SEARCH("확인",C5&C6&C7)))+N(ISNUMBER(SEARCH("공시",C5&C6&C7)))+N(ISNUMBER(SEARCH("댓글",C5&C6&C7))))>0,"○ 어디서 온 것인지 보인다","△ 찾아온 근거가 안 보인다 — 어느 시트·몇 건에서 왔는지 적는다")) -> ○ 어디서 온 것인지 보인다

Sheet 3 세 바구니 (3C) 예시
A1: K-POP 이머시브 콘텐츠 기획자 양성과정 · 1기 · 11일차 W3-1 (9/22 화) · STUDIO 1 팬경험 설계실
A2: 실습 ③ — 찾아온 것을 세 바구니에 나눠 담는다 (8교시 17:00~17:20) — 작성 예시
A3: 세 칸 모두 '새로 만든 것'이 아니라 '옮겨 담은 것'이다. ★ 가운데 칸에 회사 이름만 적지 않고 «무엇으로 버는가»를 붙였다. 모르는 것은 '? 확인 필요'로 남겼다 — 비워 두지 않았다.
A4: 바구니 | B4: 무엇을 담는가 | C4: 내가 찾아온 것 — 출처를 함께
A5: 보는 사람 (고객) | B5: 누가 · 왜 보는가. 본 사람이 한 말을 그대로 | C5: 본 사람 글 6건 — "세계관이 촘촘해서 계속 보게 된다", "결국 방송인 매력". 기술이 좋아서 본다는 말은 6건 중 1건뿐이었다.
A6: 이미 하고 있는 곳 (경쟁) | B6: 어느 회사가 «무엇으로» 버는가. ★ 회사 이름만 적으면 안 채운 것 | C6: 제작사 · 솔루션사 · 공연 기획사로 갈린다. ★ 이름 옆에 «무엇으로 버는가»를 적었다 — 제작사는 IP 매출, 솔루션사는 B2B 납품. 공시 2곳 대조.
A7: 우리 (자사) | B7: 내가 가진 것. 회사가 없으면 '내 기획팀' — 시간 · 아는 분야 · 다룰 줄 아는 도구 | C7: 내 기획팀 기준 — 팬 커뮤니티를 안다, 구글 시트 · AI를 쓴다. 버추얼 제작 역량은 없다 — ? 외주 단가 확인 필요.
A9: 질문 카드 (막힌 점·헷갈리는 점 한 가지 이상)
A10: 이미 하고 있는 곳을 어디까지 넓혀야 하나 — 게임 회사도 넣어야 하나?

Sheet 4 시장 한 문장
A1: K-POP 이머시브 콘텐츠 기획자 양성과정 · 1기 · 11일차 W3-1 (9/22 화) · STUDIO 1 팬경험 설계실
A2: 실습 ④ — 두 말의 차이를 한 문장으로 닫는다 (8교시 · ★17:20 에 무조건 시작)
A3: 여섯 칸만 채우면 맨 아래에 문장이 저절로 만들어진다. 문장을 직접 쓰는 칸이 아니다. · ⚠️ ⑤번 칸이 오늘의 핵심이다 — 두 말이 «어디서» 갈라지는지 한 줄로 적는다. · ⚠️ 오늘은 기획안을 고치지 않는다. 조사 주제와 10일차 기획 대상이 다르다. 오늘 익히는 건 주제가 아니라 «조사하는 법»이다. · 오늘 손에 들고 나가는 건 이 한 줄이다.
A4: 칸 | B4: 내가 채우는 자리
A5: ① 본 사람들이 한 말 (원문) | B5: 버추얼 캐릭터링 기술에 대한 자세한 설명이 매우 인상적이었습니다. 특히 3D 그래픽스와 모션 애니메이션의 결합이 캐릭터에 생동감을 부여하는 과정이 흥미로웠습니다. 앞으로 이 기술이 어떻게 발전할지 기대됩니다!
A6: ② 그 출처 (어디서 · 몇 건) | B6: 유튜브 및 블로그
A7: ③ 판매자가 한 말 (원문) | B7: 실제로는 촘촘한 세계관 형성과 스토리 개발, 실재 사람과의 소통과 같은 진정성과 상호작용성, 윤리적인 판단과 책임 등의 요소들이 더 중요하다는 점을 시사함.
A8: ④ 그 출처 (누가 · 무엇을 파는 곳) | B8: 한국 콘텐츠 진흥원
A9: ⑤ 두 말이 갈라지는 지점 | B9: 본사람은 버추얼 아이돌의 기술을 말하고 판매자는 실제 사람과의 소통과 상호작용의 중요성을 설명함.
A10: ⑥ 그래서 이 시장을 이렇게 본다 | B10: 기술뿐만 아니라 하나의 세계관으로 연결하는 커뮤니케이션을 강조한다.
A12: 질문 카드 (막힌 점·헷갈리는 점 한 가지 이상)
A14: 완성 문장 — 자동으로 조립된다
A15: =IF(COUNTA(B5:B10)<6,"— 위 여섯 칸을 다 채우면 여기에 문장이 만들어진다","판매자는 "&B7&" 라고 말한다(출처: "&B8&"). 본 사람들은 "&B5&" 라고 말한다(출처: "&B6&"). 두 말은 "&B9&" 에서 갈라진다. 그래서 나는 이 시장을 "&B10&" 라고 본다.") -> 판매자는 실제로는 촘촘한 세계관 형성과 스토리 개발, 실재 사람과의 소통과 같은 진정성과 상호작용성, 윤리적인 판단과 책임 등의 요소들이 더 중요하다는 점을 시사함. 라고 말한다(출처: 한국 콘텐츠 진흥원). 본 사람들은 버추얼 캐릭터링 기술에 대한 자세한 설명이 매우 인상적이었습니다. 특히 3D 그래픽스와 모션 애니메이션의 결합이 캐릭터에 생동감을 부여하는 과정이 흥미로웠습니다. 앞으로 이 기술이 어떻게 발전할지 기대됩니다! 라고 말한다(출처: 유튜브 및 블로그). 두 말은 본사람은 버추얼 아이돌의 기술을 말하고 판매자는 실제 사람과의 소통과 상호작용의 중요성을 설명함. 에서 갈라진다. 그래서 나는 이 시장을 기술뿐만 아니라 하나의 세계관으로 연결하는 커뮤니케이션을 강조한다. 라고 본다.
A17: 자동 점검 — 오늘 들고 나가는 물건은 이 한 줄이다
A18: 여섯 칸을 다 채웠는가 | B18: =IF(COUNTA(B5:B10)=6,"○ 문장이 만들어졌다","△ "&(6-COUNTA(B5:B10))&"칸 남았다") -> ○ 문장이 만들어졌다
A19: ★ 출처 두 칸에 '누가 말했나'가 있는가 | B19: =IF(COUNTA(B6,B8)<2,"△ 출처 칸이 비었다",IF(AND(LEN(B6)>=6,LEN(B8)>=6),"○ 출처가 붙었다","△ 너무 짧다 — 어디서·누가·언제·무엇을 파는 곳인지 적는다")) -> ○ 출처가 붙었다
A20: ★ 그 사람이 무엇을 파는 곳인지 적었는가 | B20: =IF(B8="","△ 아직 비었다",IF((N(ISNUMBER(SEARCH("파는",B8)))+N(ISNUMBER(SEARCH("제작",B8)))+N(ISNUMBER(SEARCH("판매",B8)))+N(ISNUMBER(SEARCH("대행",B8)))+N(ISNUMBER(SEARCH("만드",B8))))>0,"○ 적혔다","△ 이 곳이 무엇을 파는 곳인지가 빠졌다 — 오늘 핵심 칸이다")) -> △ 이 곳이 무엇을 파는 곳인지가 빠졌다 — 오늘 핵심 칸이다
A21: ★ ⑤ 갈라지는 지점을 적었는가 | B21: =IF(B9="","△ 비었다 — 여기가 오늘의 핵심이다",IF(LEN(B9)<10,"△ 너무 짧다 — 두 말이 «어디서» 갈라지는지 적는다","○ 차이가 한 줄로 잡혔다")) -> ○ 차이가 한 줄로 잡혔다

Sheet 4 시장 한 문장 예시
A1: K-POP 이머시브 콘텐츠 기획자 양성과정 · 1기 · 11일차 W3-1 (9/22 화) · STUDIO 1 팬경험 설계실
A2: 실습 ④ — 두 말의 차이를 한 문장으로 닫는다 (8교시 · ★17:20 에 무조건 시작) — 작성 예시
A3: 두 쪽 말이 정면으로 엇갈린 예다. 판매자는 기술을 말하고 본 사람은 사람을 말한다. ⑤에 «어디서 갈라지는지»가 적혀 있어서 ⑥이 저절로 나온다.
A4: 칸 | B4: 내가 채우는 자리
A5: ① 본 사람들이 한 말 (원문) | B5: "결국 사람이 하는 거라 방송인 매력이 크다"
A6: ② 그 출처 (어디서 · 몇 건) | B6: 유튜브 댓글 · 커뮤니티 6건 · 2026.9 확인
A7: ③ 판매자가 한 말 (원문) | B7: "실시간 렌더링 기술이 시장을 연 40% 키운다"
A8: ④ 그 출처 (누가 · 무엇을 파는 곳) | B8: ○○스튜디오 블로그 · 버추얼 휴먼을 만들어 파는 곳 · 2026.5
A9: ⑤ 두 말이 갈라지는 지점 | B9: 판매자는 «기술»을 말하고, 본 사람은 «사람과 세계관»을 말한다
A10: ⑥ 그래서 이 시장을 이렇게 본다 | B10: 기술이 아니라 «누가 하느냐»로 갈리는 시장으로 본다
A12: 질문 카드 (막힌 점·헷갈리는 점 한 가지 이상)
A13: 두 말이 엇갈리는데 어느 쪽을 근거로 삼아야 하나 — 본 사람 쪽인가?
A14: 완성 문장 — 자동으로 조립된다
A15: =IF(COUNTA(B5:B10)<6,"— 위 여섯 칸을 다 채우면 여기에 문장이 만들어진다","판매자는 "&B7&" 라고 말한다(출처: "&B8&"). 본 사람들은 "&B5&" 라고 말한다(출처: "&B6&"). 두 말은 "&B9&" 에서 갈라진다. 그래서 나는 이 시장을 "&B10&" 라고 본다.") -> 판매자는 "실시간 렌더링 기술이 시장을 연 40% 키운다" 라고 말한다(출처: ○○스튜디오 블로그 · 버추얼 휴먼을 만들어 파는 곳 · 2026.5). 본 사람들은 "결국 사람이 하는 거라 방송인 매력이 크다" 라고 말한다(출처: 유튜브 댓글 · 커뮤니티 6건 · 2026.9 확인). 두 말은 판매자는 «기술»을 말하고, 본 사람은 «사람과 세계관»을 말한다 에서 갈라진다. 그래서 나는 이 시장을 기술이 아니라 «누가 하느냐»로 갈리는 시장으로 본다 라고 본다.
A17: 자동 점검 — 오늘 들고 나가는 물건은 이 한 줄이다
A18: 여섯 칸을 다 채웠는가 | B18: =IF(COUNTA(B5:B10)=6,"○ 문장이 만들어졌다","△ "&(6-COUNTA(B5:B10))&"칸 남았다") -> ○ 문장이 만들어졌다
A19: ★ 출처 두 칸에 '누가 말했나'가 있는가 | B19: =IF(COUNTA(B6,B8)<2,"△ 출처 칸이 비었다",IF(AND(LEN(B6)>=6,LEN(B8)>=6),"○ 출처가 붙었다","△ 너무 짧다 — 어디서·누가·언제·무엇을 파는 곳인지 적는다")) -> ○ 출처가 붙었다
A20: ★ 그 사람이 무엇을 파는 곳인지 적었는가 | B20: =IF(B8="","△ 아직 비었다",IF((N(ISNUMBER(SEARCH("파는",B8)))+N(ISNUMBER(SEARCH("제작",B8)))+N(ISNUMBER(SEARCH("판매",B8)))+N(ISNUMBER(SEARCH("대행",B8)))+N(ISNUMBER(SEARCH("만드",B8))))>0,"○ 적혔다","△ 이 곳이 무엇을 파는 곳인지가 빠졌다 — 오늘 핵심 칸이다")) -> ○ 적혔다
A21: ★ ⑤ 갈라지는 지점을 적었는가 | B21: =IF(B9="","△ 비었다 — 여기가 오늘의 핵심이다",IF(LEN(B9)<10,"△ 너무 짧다 — 두 말이 «어디서» 갈라지는지 적는다","○ 차이가 한 줄로 잡혔다")) -> ○ 차이가 한 줄로 잡혔다

Sheet 4 시장 한 문장 예시의 사본
A1: K-POP 이머시브 콘텐츠 기획자 양성과정 · 1기 · 11일차 W3-1 (9/22 화) · STUDIO 1 팬경험 설계실
A2: 실습 ④ — 두 말의 차이를 한 문장으로 닫는다 (8교시 · ★17:20 에 무조건 시작) — 작성 예시
A3: 두 쪽 말이 정면으로 엇갈린 예다. 판매자는 기술을 말하고 본 사람은 사람을 말한다. ⑤에 «어디서 갈라지는지»가 적혀 있어서 ⑥이 저절로 나온다.
A4: 칸 | B4: 내가 채우는 자리
A5: ① 본 사람들이 한 말 (원문) | B5: "결국 사람이 하는 거라 방송인 매력이 크다"
A6: ② 그 출처 (어디서 · 몇 건) | B6: 유튜브 댓글 · 커뮤니티 6건 · 2026.9 확인
A7: ③ 판매자가 한 말 (원문) | B7: "실시간 렌더링 기술이 시장을 연 40% 키운다"
A8: ④ 그 출처 (누가 · 무엇을 파는 곳) | B8: ○○스튜디오 블로그 · 버추얼 휴먼을 만들어 파는 곳 · 2026.5
A9: ⑤ 두 말이 갈라지는 지점 | B9: 판매자는 «기술»을 말하고, 본 사람은 «사람과 세계관»을 말한다
A10: ⑥ 그래서 이 시장을 이렇게 본다 | B10: 기술이 아니라 «누가 하느냐»로 갈리는 시장으로 본다
A12: 질문 카드 (막힌 점·헷갈리는 점 한 가지 이상)
A13: 두 말이 엇갈리는데 어느 쪽을 근거로 삼아야 하나 — 본 사람 쪽인가?
A14: 완성 문장 — 자동으로 조립된다
A15: =IF(COUNTA(B5:B10)<6,"— 위 여섯 칸을 다 채우면 여기에 문장이 만들어진다","판매자는 "&B7&" 라고 말한다(출처: "&B8&"). 본 사람들은 "&B5&" 라고 말한다(출처: "&B6&"). 두 말은 "&B9&" 에서 갈라진다. 그래서 나는 이 시장을 "&B10&" 라고 본다.") -> 판매자는 "실시간 렌더링 기술이 시장을 연 40% 키운다" 라고 말한다(출처: ○○스튜디오 블로그 · 버추얼 휴먼을 만들어 파는 곳 · 2026.5). 본 사람들은 "결국 사람이 하는 거라 방송인 매력이 크다" 라고 말한다(출처: 유튜브 댓글 · 커뮤니티 6건 · 2026.9 확인). 두 말은 판매자는 «기술»을 말하고, 본 사람은 «사람과 세계관»을 말한다 에서 갈라진다. 그래서 나는 이 시장을 기술이 아니라 «누가 하느냐»로 갈리는 시장으로 본다 라고 본다.
A17: 자동 점검 — 오늘 들고 나가는 물건은 이 한 줄이다
A18: 여섯 칸을 다 채웠는가 | B18: =IF(COUNTA(B5:B10)=6,"○ 문장이 만들어졌다","△ "&(6-COUNTA(B5:B10))&"칸 남았다") -> ○ 문장이 만들어졌다
A19: ★ 출처 두 칸에 '누가 말했나'가 있는가 | B19: =IF(COUNTA(B6,B8)<2,"△ 출처 칸이 비었다",IF(AND(LEN(B6)>=6,LEN(B8)>=6),"○ 출처가 붙었다","△ 너무 짧다 — 어디서·누가·언제·무엇을 파는 곳인지 적는다")) -> ○ 출처가 붙었다
A20: ★ 그 사람이 무엇을 파는 곳인지 적었는가 | B20: =IF(B8="","△ 아직 비었다",IF((N(ISNUMBER(SEARCH("파는",B8)))+N(ISNUMBER(SEARCH("제작",B8)))+N(ISNUMBER(SEARCH("판매",B8)))+N(ISNUMBER(SEARCH("대행",B8)))+N(ISNUMBER(SEARCH("만드",B8))))>0,"○ 적혔다","△ 이 곳이 무엇을 파는 곳인지가 빠졌다 — 오늘 핵심 칸이다")) -> ○ 적혔다
A21: ★ ⑤ 갈라지는 지점을 적었는가 | B21: =IF(B9="","△ 비었다 — 여기가 오늘의 핵심이다",IF(LEN(B9)<10,"△ 너무 짧다 — 두 말이 «어디서» 갈라지는지 적는다","○ 차이가 한 줄로 잡혔다")) -> ○ 차이가 한 줄로 잡혔다
